{"cameraMode":{"drawMode":0,"name":"Shaded","section":"Shading Mode"},"sceneLighting":true,"audioPlay":false,"sceneViewState":{"showFog":true,"showMaterialUpdate":false,"showSkybox":false,"showFlares":true,"showImageEffects":true,"showParticleSystems":true},"in2DMode":false,"pivot":{"x":-8.687210083007813,"y":3.233342170715332,"z":23.017793655395509},"rotation":{"x":0.15904919803142548,"y":0.5769270658493042,"z":-0.11575163900852204,"w":0.7927699685096741},"size":22.0,"orthographic":false}