{"cameraMode":{"drawMode":0,"name":"Shaded","section":"Shading Mode"},"sceneLighting":false,"audioPlay":false,"sceneViewState":{"showFog":true,"showMaterialUpdate":false,"showSkybox":false,"showFlares":true,"showImageEffects":true,"showParticleSystems":true},"in2DMode":false,"pivot":{"x":-0.003165721893310547,"y":2.360330104827881,"z":-9.282328605651856},"rotation":{"x":-0.03134281188249588,"y":-0.9662914872169495,"z":0.21183355152606965,"w":-0.14297370612621308},"size":59.43977355957031,"orthographic":false}