{"cameraMode":{"drawMode":0,"name":"Shaded","section":"Shading Mode"},"sceneLighting":true,"audioPlay":false,"sceneViewState":{"showFog":true,"showMaterialUpdate":false,"showSkybox":false,"showFlares":true,"showImageEffects":true,"showParticleSystems":true},"in2DMode":false,"pivot":{"x":1.8086307048797608,"y":3.5030500888824465,"z":6.083127021789551},"rotation":{"x":-0.14235816895961762,"y":0.06023668497800827,"z":-0.008685942739248276,"w":-0.987951934337616},"size":2.2830562591552736,"orthographic":false}