{"cameraMode":{"drawMode":0,"name":"Shaded","section":"Shading Mode"},"sceneLighting":true,"audioPlay":false,"sceneViewState":{"showFog":true,"showMaterialUpdate":false,"showSkybox":false,"showFlares":true,"showImageEffects":true,"showParticleSystems":true},"in2DMode":false,"pivot":{"x":-6.0681891441345219,"y":22.1383113861084,"z":-15.07337760925293},"rotation":{"x":-0.4079846441745758,"y":-0.015890909358859063,"z":0.007094125729054213,"w":-0.9128315448760986},"size":4.357883453369141,"orthographic":false}